<?xml version="1.0" encoding="UTF-8"?>
<beans xmlns="http://www.springframework.org/schema/beans"
       xmlns:xsi="http://www.w3.org/2001/XMLSchema-instance"
       xmlns:context="http://www.springframework.org/schema/context"
       xmlns:mvc="http://www.springframework.org/schema/mvc"
       xsi:schemaLocation="
       http://www.springframework.org/schema/beans http://www.springframework.org/schema/beans/spring-beans.xsd
       http://www.springframework.org/schema/context  http://www.springframework.org/schema/context/spring-context.xsd
       http://www.springframework.org/schema/mvc   http://www.springframework.org/schema/mvc/spring-mvc.xsd
">

    <!--控制器的组件扫米娜哦-->
    <context:component-scan base-package="it.ssm.controller"/>


    <!--文件上传解析配置-->
    <bean id="multipartResolver" class="org.springframework.web.multipart.commons.CommonsMultipartResolver">
        <property name="defaultEncoding" value="utf-8"></property>
    </bean>

    <!--拦截器配置-->
    <mvc:interceptors>
        <mvc:interceptor>
            <mvc:mapping path="/**"/>
            <bean class="it.ssm.interceptor.interceptor"/>
        </mvc:interceptor>
    </mvc:interceptors>
</beans>